,Current_d,Future_d,delta_d,order
tmp_D.764,0.342653509,0.582971014,-0.240317506,1
tmp_D.139,0,0.222761824,-0.222761824,2
tmp_D.14,0.021683673,0.239057239,-0.217373566,3
tmp_D.334,0.068103718,0.282568807,-0.21446509,4
tmp_D.174,0.290511224,0.491568047,-0.201056823,5
tmp_D.277,0.033847472,0.232392894,-0.198545422,6
tmp_D.375,0.196666667,0.384974698,-0.188308032,7
tmp_D.463,0.011412268,0.195829556,-0.184417288,8
tmp_D.793,0,0.164434817,-0.164434817,9
tmp_D.314,1.11E-16,0.157831325,-0.157831325,10
tmp_D.471,0.048979592,0.205606186,-0.156626594,11
tmp_D.769,0.048195472,0.201987644,-0.153792173,12
tmp_D.404,0.030540329,0.165616384,-0.135076056,13
tmp_D.786,0.0101983,0.130962274,-0.120763973,14
tmp_D.317,0.136953243,0.255487585,-0.118534343,15
tmp_D.692,0.233036849,0.348147293,-0.115110444,16
tmp_D.215,0.186118159,0.298484848,-0.11236669,17
tmp_D.822,0.191314361,0.301086957,-0.109772596,18
tmp_D.518,0.115051903,0.219405321,-0.104353418,19
tmp_D.147,0.010928962,0.114005913,-0.103076951,20
tmp_D.191,0.119785213,0.222057954,-0.102272741,21
tmp_D.351,0.143955706,0.245715945,-0.101760239,22
tmp_D.192,0.099308611,0.199723566,-0.100414955,23
tmp_D.261,0.105624446,0.204465578,-0.098841131,24
tmp_D.706,0.357216177,0.454501452,-0.097285275,25
tmp_D.188,0.138888889,0.236053593,-0.097164704,26
tmp_D.771,0.383593299,0.478438377,-0.094845078,27
tmp_D.562,0.228498074,0.321831597,-0.093333523,28
tmp_D.564,0.068692756,0.160345789,-0.091653033,29
tmp_D.212,0.301024279,0.388059701,-0.087035422,30
tmp_D.385,-2.22E-16,0.086377934,-0.086377934,31
tmp_D.630,0.230946502,0.316636387,-0.085689885,32
tmp_D.763,0.338664596,0.423660534,-0.084995938,33
tmp_D.333,0.18262438,0.267387944,-0.084763564,34
tmp_D.653,0.120607572,0.203658905,-0.083051333,35
tmp_D.528,0.116312464,0.198960653,-0.082648189,36
tmp_D.621,0.231663853,0.314017895,-0.082354042,37
tmp_D.204,0.073373088,0.154989384,-0.081616296,38
tmp_D.511,0.126706587,0.208261986,-0.081555399,39
tmp_D.849,0.093023256,0.174573929,-0.081550673,40
tmp_D.639,0.263157895,0.344634945,-0.08147705,41
tmp_D.676,0.040092014,0.119795581,-0.079703566,42
tmp_D.120,0.014091595,0.093096234,-0.079004639,43
tmp_D.637,0.017362859,0.094467334,-0.077104475,44
tmp_D.789,0.236599254,0.31216787,-0.075568616,45
tmp_D.668,0.175923827,0.251332623,-0.075408796,46
tmp_D.458,0.411273792,0.483889611,-0.072615819,47
tmp_D.580,0.009396637,0.081708998,-0.072312361,48
tmp_D.160,0,0.069509044,-0.069509044,49
tmp_D.256,1.11E-16,0.069122572,-0.069122572,50
tmp_D.836,0.266219239,0.334885784,-0.068666545,51
tmp_D.633,0.222965833,0.289249023,-0.06628319,52
tmp_D.166,0.064002547,0.129741446,-0.065738899,53
tmp_D.663,0.163052209,0.227809838,-0.064757629,54
tmp_D.264,0.218405584,0.282695375,-0.064289791,55
tmp_D.229,0.202190066,0.265225525,-0.063035458,56
tmp_D.755,0.25339962,0.316211218,-0.062811599,57
tmp_D.426,0.14555654,0.208081297,-0.062524757,58
tmp_D.345,1.11E-16,0.062273853,-0.062273853,59
tmp_D.732,0.034460338,0.095985756,-0.061525418,60
tmp_D.233,0.082561078,0.143993473,-0.061432395,61
tmp_D.296,0.270523528,0.331386293,-0.060862765,62
tmp_D.810,0.254715147,0.314520267,-0.05980512,63
tmp_D.209,0.118675442,0.177652106,-0.058976664,64
tmp_D.34,0.283418554,0.342166141,-0.058747587,65
tmp_D.614,0.24821269,0.306744186,-0.058531496,66
tmp_D.597,0.228755826,0.286262204,-0.057506377,67
tmp_D.83,0.379511788,0.434481468,-0.05496968,68
tmp_D.788,0.440143655,0.49502721,-0.054883554,69
tmp_D.399,0.17705841,0.231586303,-0.054527894,70
tmp_D.461,0.005130711,0.059377101,-0.05424639,71
tmp_D.342,0.288118614,0.341732661,-0.053614048,72
tmp_D.189,0.082804233,0.134658742,-0.051854509,73
tmp_D.818,0.163514147,0.213981596,-0.050467449,74
tmp_D.532,0.065277778,0.115568489,-0.050290711,75
tmp_D.792,0.286807279,0.336967494,-0.050160216,76
tmp_D.563,0.361640798,0.411489776,-0.049848978,77
tmp_D.222,0.352559481,0.402230883,-0.049671402,78
tmp_D.526,0.18338558,0.2328594,-0.04947382,79
tmp_D.398,0.194756554,0.243774246,-0.049017692,80
tmp_D.217,0.125162973,0.173354232,-0.048191259,81
tmp_D.736,0.066556656,0.11467161,-0.048114955,82
tmp_D.219,0.04519774,0.093038601,-0.047840861,83
tmp_D.477,0.227157145,0.274306094,-0.047148949,84
tmp_D.826,0.040716612,0.087677725,-0.046961113,85
tmp_D.565,0,0.046783626,-0.046783626,86
tmp_D.388,0.136961094,0.183544304,-0.04658321,87
tmp_D.679,0.069891449,0.116436342,-0.046544893,88
tmp_D.60,0.164813834,0.211238998,-0.046425163,89
tmp_D.689,0.257220921,0.30237581,-0.045154889,90
tmp_D.781,0.236667381,0.28136121,-0.044693829,91
tmp_D.429,0.05907781,0.103274559,-0.044196749,92
tmp_D.498,0.497053045,0.541060459,-0.044007414,93
tmp_D.531,0.000622148,0.044260028,-0.043637879,94
tmp_D.701,0.284003422,0.32756654,-0.043563118,95
tmp_D.165,0.144877009,0.188197767,-0.043320758,96
tmp_D.746,0.102025873,0.145236145,-0.043210273,97
tmp_D.465,0.029810855,0.07284345,-0.043032595,98
tmp_D.626,0.455783784,0.498797288,-0.043013505,99
tmp_D.392,0.126243444,0.168787108,-0.042543664,100
tmp_D.239,0,0.041372087,-0.041372087,101
tmp_D.400,0.334681042,0.375588623,-0.040907581,102
tmp_D.350,0.239757208,0.280068729,-0.040311521,103
tmp_D.576,0.286264795,0.325739966,-0.039475171,104
tmp_D.448,0.040460948,0.079928154,-0.039467207,105
tmp_D.199,0.165034014,0.204174821,-0.039140807,106
tmp_D.7,0.009473391,0.048546144,-0.039072753,107
tmp_D.153,0.067731181,0.106180939,-0.038449758,108
tmp_D.829,0.048625255,0.087001376,-0.038376121,109
tmp_D.182,0.275,0.312908497,-0.037908497,110
tmp_D.77,0.015487316,0.052887961,-0.037400645,111
tmp_D.339,0.026255708,0.063649564,-0.037393857,112
tmp_D.827,0.027950935,0.065192084,-0.037241149,113
tmp_D.293,0.108467742,0.145563684,-0.037095942,114
tmp_D.377,0.112264289,0.149090002,-0.036825714,115
tmp_D.453,0.227109094,0.263770634,-0.03666154,116
tmp_D.489,0.1673188,0.203808181,-0.03648938,117
tmp_D.252,0.336037575,0.372220834,-0.03618326,118
tmp_D.286,0.089388036,0.125110288,-0.035722252,119
tmp_D.30,0.06633964,0.101793819,-0.035454179,120
tmp_D.636,0.388189559,0.423282783,-0.035093224,121
tmp_D.184,0.058957432,0.094017094,-0.035059662,122
tmp_D.348,0.18192881,0.216403785,-0.034474975,123
tmp_D.101,0.064754649,0.098989482,-0.034234833,124
tmp_D.529,0.10136577,0.135395444,-0.034029673,125
tmp_D.300,0.082919563,0.116776316,-0.033856753,126
tmp_D.570,0.256544503,0.28940784,-0.032863337,127
tmp_D.187,0.115983745,0.148843706,-0.032859961,128
tmp_D.102,0.332,0.364692861,-0.032692861,129
tmp_D.167,0.355326682,0.387740806,-0.032414124,130
tmp_D.155,0.206644761,0.239047042,-0.032402281,131
tmp_D.370,0.002261307,0.034611554,-0.032350247,132
tmp_D.490,0.024238454,0.056530214,-0.03229176,133
tmp_D.447,0.05398773,0.086127637,-0.032139906,134
tmp_D.756,0.346201743,0.37831989,-0.032118146,135
tmp_D.231,0.227579708,0.259514487,-0.031934779,136
tmp_D.745,0.443769524,0.475560081,-0.031790557,137
tmp_D.542,0.147063287,0.178783642,-0.031720355,138
tmp_D.156,0,0.031607629,-0.031607629,139
tmp_D.257,0.036475726,0.067873303,-0.031397578,140
tmp_D.807,0,0.031370864,-0.031370864,141
tmp_D.690,0.013819286,0.044817927,-0.030998641,142
tmp_D.513,0.277594846,0.308149058,-0.030554212,143
tmp_D.566,0.147766323,0.178137652,-0.030371329,144
tmp_D.774,0.23933128,0.269441016,-0.030109735,145
tmp_D.464,0.206535476,0.236509207,-0.029973732,146
tmp_D.186,0.159905591,0.189848643,-0.029943052,147
tmp_D.331,0.342480211,0.372364803,-0.029884592,148
tmp_D.762,0.347714199,0.37701425,-0.02930005,149
tmp_D.262,0.49589663,0.524985128,-0.029088498,150
tmp_D.150,0.368919175,0.397801808,-0.028882633,151
tmp_D.196,0.201625387,0.230030143,-0.028404756,152
tmp_D.820,0.019558039,0.047501126,-0.027943087,153
tmp_D.235,0.206946454,0.234775641,-0.027829187,154
tmp_D.118,0.207890744,0.235602094,-0.027711351,155
tmp_D.140,0,0.027531957,-0.027531957,156
tmp_D.696,0.263220139,0.290629244,-0.027409105,157
tmp_D.797,0.408360129,0.435744517,-0.027384389,158
tmp_D.384,0.12692503,0.154291045,-0.027366015,159
tmp_D.557,0.089934149,0.117202268,-0.02726812,160
tmp_D.440,0.049138661,0.07627866,-0.027139998,161
tmp_D.170,0.072258065,0.099386032,-0.027127968,162
tmp_D.506,-2.22E-16,0.02704383,-0.02704383,163
tmp_D.97,0,0.026785714,-0.026785714,164
tmp_D.702,0.017574353,0.044077135,-0.026502782,165
tmp_D.278,0.165476963,0.191527878,-0.026050915,166
tmp_D.28,0.302428772,0.328425821,-0.025997049,167
tmp_D.144,0.463619744,0.489278351,-0.025658606,168
tmp_D.780,0.134731747,0.160216863,-0.025485116,169
tmp_D.172,0,0.025186567,-0.025186567,170
tmp_D.808,0.146970706,0.171941972,-0.024971266,171
tmp_D.728,0.115057283,0.139979859,-0.024922576,172
tmp_D.75,0.321622671,0.346430656,-0.024807985,173
tmp_D.491,0.034890427,0.059677419,-0.024786993,174
tmp_D.550,0.221813251,0.246412755,-0.024599504,175
tmp_D.737,0.310635793,0.335216916,-0.024581123,176
tmp_D.483,0.073677956,0.098119859,-0.024441903,177
tmp_D.612,0.318882466,0.343098674,-0.024216207,178
tmp_D.394,0.290274127,0.314237856,-0.023963729,179
tmp_D.501,0.067875481,0.09160544,-0.023729959,180
tmp_D.79,0.311206387,0.334918957,-0.02371257,181
tmp_D.107,0.118506155,0.142211704,-0.023705549,182
tmp_D.510,0.217519323,0.241103559,-0.023584236,183
tmp_D.318,0.206716092,0.230226796,-0.023510704,184
tmp_D.525,0.104032729,0.127534685,-0.023501956,185
tmp_D.485,0.250245982,0.273663876,-0.023417894,186
tmp_D.691,0.202223089,0.225492228,-0.023269139,187
tmp_D.15,0.125905651,0.149167592,-0.02326194,188
tmp_D.157,0.195712484,0.218948154,-0.023235669,189
tmp_D.451,0.344119694,0.367295597,-0.023175904,190
tmp_D.432,0.002039776,0.025141098,-0.023101322,191
tmp_D.308,0.219458089,0.242497857,-0.023039767,192
tmp_D.644,0.361626879,0.384126288,-0.022499409,193
tmp_D.539,0.086279817,0.108560184,-0.022280366,194
tmp_D.152,0.28241335,0.304657534,-0.022244184,195
tmp_D.493,0.249829258,0.271961648,-0.02213239,196
tmp_D.227,0.001758156,0.023780488,-0.022022332,197
tmp_D.599,0.155666252,0.177614194,-0.021947942,198
tmp_D.438,0.172764625,0.194712547,-0.021947922,199
tmp_D.274,0.445455997,0.46724193,-0.021785933,200
tmp_D.414,0.663503736,0.685258335,-0.021754598,201
tmp_D.410,0.091550953,0.113213038,-0.021662085,202
tmp_D.760,0.198394495,0.219903415,-0.02150892,203
tmp_D.842,0.254867539,0.276133133,-0.021265594,204
tmp_D.520,0.156960227,0.178168403,-0.021208176,205
tmp_D.831,0.342328317,0.36329958,-0.020971263,206
tmp_D.62,0.294062559,0.314937107,-0.020874548,207
tmp_D.103,0.250463392,0.271275268,-0.020811876,208
tmp_D.307,0.055736283,0.076540541,-0.020804258,209
tmp_D.18,0.333889057,0.354623761,-0.020734703,210
tmp_D.551,0.224608044,0.245212676,-0.020604632,211
tmp_D.613,0.128404027,0.148869565,-0.020465538,212
tmp_D.712,0,0.019274376,-0.019274376,213
tmp_D.795,0.278905054,0.298100243,-0.019195189,214
tmp_D.266,0.13107105,0.150064963,-0.018993913,215
tmp_D.677,0,0.018958687,-0.018958687,216
tmp_D.419,0.037491158,0.056408212,-0.018917054,217
tmp_D.686,0.236989796,0.255725191,-0.018735395,218
tmp_D.21,0.047952307,0.066588511,-0.018636204,219
tmp_D.344,0,0.018578644,-0.018578644,220
tmp_D.813,1.11E-16,0.018505587,-0.018505587,221
tmp_D.211,0.159320978,0.177766305,-0.018445327,222
tmp_D.298,0.199178645,0.217569916,-0.018391271,223
tmp_D.640,0.138483278,0.156785503,-0.018302225,224
tmp_D.220,0.022227966,0.040519481,-0.018291515,225
tmp_D.16,0.200893855,0.219058296,-0.018164441,226
tmp_D.415,0.042030872,0.06013363,-0.018102758,227
tmp_D.830,0.056199822,0.074032075,-0.017832254,228
tmp_D.124,0.079381182,0.096910112,-0.017528931,229
tmp_D.288,0.056020279,0.0735138,-0.017493522,230
tmp_D.761,0.125739645,0.143225252,-0.017485607,231
tmp_D.39,0.158456366,0.175634363,-0.017177997,232
tmp_D.729,0.034296404,0.050851205,-0.016554801,233
tmp_D.402,0.154344074,0.170865065,-0.016520992,234
tmp_D.610,0.331632653,0.348077306,-0.016444653,235
tmp_D.571,0.196205008,0.212619126,-0.016414118,236
tmp_D.185,0.119013751,0.135419045,-0.016405295,237
tmp_D.67,0.188423902,0.204626335,-0.016202433,238
tmp_D.55,0.096181047,0.112228149,-0.016047103,239
tmp_D.164,0.005797724,0.021805183,-0.016007459,240
tmp_D.9,0.262438683,0.278319328,-0.015880645,241
tmp_D.340,0.136348064,0.15210813,-0.015760066,242
tmp_D.312,0.130449591,0.145655608,-0.015206017,243
tmp_D.444,0.046791157,0.061907909,-0.015116752,244
tmp_D.589,0.06910337,0.084158416,-0.015055046,245
tmp_D.543,0.053666016,0.068504955,-0.014838939,246
tmp_D.74,0.03951679,0.054314498,-0.014797709,247
tmp_D.176,0.149221813,0.163991439,-0.014769626,248
tmp_D.408,0.066145213,0.080824879,-0.014679666,249
tmp_D.824,0,0.014013291,-0.014013291,250
tmp_D.660,0.003576538,0.017289821,-0.013713283,251
tmp_D.203,0.095428841,0.108846688,-0.013417848,252
tmp_D.522,0.109727756,0.123059323,-0.013331568,253
tmp_D.416,0.090909091,0.104034509,-0.013125418,254
tmp_D.499,0.159869747,0.172974664,-0.013104916,255
tmp_D.652,0.292076259,0.304660788,-0.01258453,256
tmp_D.593,0.013646158,0.026086957,-0.012440799,257
tmp_D.284,0.234726153,0.247101645,-0.012375492,258
tmp_D.743,0.168708327,0.180976299,-0.012267972,259
tmp_D.497,0.161390303,0.17354618,-0.012155877,260
tmp_D.178,0.145432031,0.157005838,-0.011573807,261
tmp_D.699,0.073000537,0.084493237,-0.0114927,262
tmp_D.496,0.140328232,0.151726974,-0.011398742,263
tmp_D.132,0.104056728,0.115450644,-0.011393916,264
tmp_D.320,0.098669345,0.110014514,-0.011345169,265
tmp_D.556,0.073794882,0.085042333,-0.011247451,266
tmp_D.606,0.028646892,0.039770969,-0.011124077,267
tmp_D.733,0.151412621,0.1625236,-0.011110979,268
tmp_D.275,0.366344294,0.377455167,-0.011110873,269
tmp_D.552,0.096071311,0.107111655,-0.011040344,270
tmp_D.3,0.394434629,0.405429462,-0.010994833,271
tmp_D.452,0,0.010946746,-0.010946746,272
tmp_D.223,0.09853219,0.109451307,-0.010919117,273
tmp_D.396,0.032041228,0.042548452,-0.010507224,274
tmp_D.58,0.262955032,0.273421793,-0.010466761,275
tmp_D.675,0.003035965,0.013342118,-0.010306154,276
tmp_D.343,0.003644462,0.013879561,-0.010235099,277
tmp_D.803,0,0.010075567,-0.010075567,278
tmp_D.91,1.11E-16,0.010045489,-0.010045489,279
tmp_D.250,0.053668342,0.063534335,-0.009865993,280
tmp_D.442,0.228852998,0.238613188,-0.009760191,281
tmp_D.407,0.032781287,0.042367067,-0.00958578,282
tmp_D.161,0.04788547,0.057446455,-0.009560985,283
tmp_D.248,0.004871849,0.014358295,-0.009486445,284
tmp_D.834,0.047281743,0.056656614,-0.009374871,285
tmp_D.512,0.201310704,0.2102902,-0.008979496,286
tmp_D.228,0.038221529,0.04719284,-0.008971311,287
tmp_D.605,0.103636746,0.112444725,-0.008807979,288
tmp_D.276,0.307087959,0.315713772,-0.008625813,289
tmp_D.533,0.033217993,0.041820954,-0.008602961,290
tmp_D.738,0.340273761,0.348779081,-0.00850532,291
tmp_D.325,0.011348981,0.019636015,-0.008287034,292
tmp_D.183,0.175490884,0.183497324,-0.008006441,293
tmp_D.545,0.070030896,0.078023698,-0.007992802,294
tmp_D.121,0.220128255,0.228019602,-0.007891347,295
tmp_D.306,0.222724338,0.230609274,-0.007884936,296
tmp_D.359,0.205650858,0.213533498,-0.00788264,297
tmp_D.553,0.05982906,0.067644662,-0.007815602,298
tmp_D.85,0.129997421,0.137699607,-0.007702186,299
tmp_D.541,0.020551039,0.028043081,-0.007492042,300
tmp_D.23,0.187017002,0.194470415,-0.007453414,301
tmp_D.591,0.074600355,0.081303116,-0.006702761,302
tmp_D.93,0.058390177,0.064844967,-0.006454789,303
tmp_D.2,0.046210721,0.052450559,-0.006239838,304
tmp_D.624,0.053181387,0.059408127,-0.006226741,305
tmp_D.604,0.05680317,0.063016158,-0.006212988,306
tmp_D.622,0.155607751,0.161778327,-0.006170576,307
tmp_D.336,0.094771242,0.100823503,-0.006052261,308
tmp_D.704,0.295753755,0.301684211,-0.005930456,309
tmp_D.13,0.229375169,0.235261708,-0.005886539,310
tmp_D.99,0.01471837,0.020599251,-0.005880881,311
tmp_D.575,0.192449923,0.198253003,-0.00580308,312
tmp_D.315,0.396039604,0.401813472,-0.005773868,313
tmp_D.462,0.064422648,0.07008965,-0.005667001,314
tmp_D.66,0.110079576,0.115687598,-0.005608023,315
tmp_D.681,0.155379221,0.16098081,-0.005601589,316
tmp_D.225,0.139806209,0.145295587,-0.005489378,317
tmp_D.356,0.265531766,0.270997904,-0.005466139,318
tmp_D.127,-2.22E-16,0.005316321,-0.005316321,319
tmp_D.82,0.181078524,0.186370778,-0.005292254,320
tmp_D.643,0.269396552,0.274667828,-0.005271277,321
tmp_D.586,0.028213166,0.033445621,-0.005232455,322
tmp_D.422,0.18729097,0.192430025,-0.005139056,323
tmp_D.309,0.21322691,0.218351879,-0.005124969,324
tmp_D.313,0.064550718,0.069672131,-0.005121413,325
tmp_D.258,0.029345103,0.034373587,-0.005028483,326
tmp_D.500,0.263413843,0.268421053,-0.005007209,327
tmp_D.779,0.055904523,0.060811988,-0.004907466,328
tmp_D.796,0.080889093,0.085779817,-0.004890724,329
tmp_D.96,0.018933937,0.02377892,-0.004844983,330
tmp_D.98,0.259595823,0.264378994,-0.004783172,331
tmp_D.680,0.029831103,0.034599564,-0.004768461,332
tmp_D.6,0.162261082,0.166871417,-0.004610335,333
tmp_D.856,0.3297593,0.334319527,-0.004560227,334
tmp_D.443,0.157936257,0.162422084,-0.004485826,335
tmp_D.244,0.027697936,0.032166302,-0.004468366,336
tmp_D.273,0.013909774,0.018313083,-0.004403309,337
tmp_D.568,0.042394822,0.046785714,-0.004390892,338
tmp_D.4,0.419190803,0.42355089,-0.004360087,339
tmp_D.47,0.071659483,0.075993493,-0.00433401,340
tmp_D.71,0.048211861,0.052540273,-0.004328412,341
tmp_D.609,0.10044103,0.104678363,-0.004237333,342
tmp_D.684,0.068875502,0.073026851,-0.004151349,343
tmp_D.722,0.016608537,0.020600723,-0.003992187,344
tmp_D.65,0.054395604,0.058297049,-0.003901444,345
tmp_D.163,0.051800379,0.055627426,-0.003827047,346
tmp_D.421,0.016755319,0.020499529,-0.00374421,347
tmp_D.585,0.091229099,0.094954014,-0.003724915,348
tmp_D.260,0.143673297,0.147350993,-0.003677697,349
tmp_D.5,0.106111646,0.109721136,-0.00360949,350
tmp_D.560,0.411134904,0.414667988,-0.003533084,351
tmp_D.42,0.11225173,0.115690377,-0.003438647,352
tmp_D.354,0.006617361,0.009991674,-0.003374313,353
tmp_D.504,0.089480436,0.092798691,-0.003318254,354
tmp_D.425,0.078930818,0.082092023,-0.003161205,355
tmp_D.116,0.382363636,0.385489872,-0.003126235,356
tmp_D.481,0.002349539,0.005340454,-0.002990915,357
tmp_D.22,1.11E-16,0.002988898,-0.002988898,358
tmp_D.466,0,0.002903226,-0.002903226,359
tmp_D.540,0.236671744,0.23952739,-0.002855646,360
tmp_D.601,0.014735265,0.01741849,-0.002683226,361
tmp_D.213,0,0.002660663,-0.002660663,362
tmp_D.502,0.032468453,0.035044193,-0.00257574,363
tmp_D.130,0,0.002560819,-0.002560819,364
tmp_D.628,0.467184625,0.469721768,-0.002537143,365
tmp_D.839,0.145545315,0.147679325,-0.00213401,366
tmp_D.658,0.007955936,0.010041994,-0.002086057,367
tmp_D.619,0.138783537,0.140766173,-0.001982636,368
tmp_D.647,0.005992809,0.007831039,-0.001838231,369
tmp_D.573,0.097351342,0.098895823,-0.001544481,370
tmp_D.64,0.166199552,0.167647883,-0.001448332,371
tmp_D.100,0.103121425,0.104539642,-0.001418217,372
tmp_D.289,0.074416455,0.075832743,-0.001416288,373
tmp_D.31,0.342689,0.34406895,-0.00137995,374
tmp_D.625,0.132128864,0.133479212,-0.001350349,375
tmp_D.29,0.102390618,0.103687105,-0.001296487,376
tmp_D.242,0.006229811,0.007479742,-0.001249932,377
tmp_D.253,0.109378993,0.110622541,-0.001243548,378
tmp_D.467,-2.22E-16,0.001190712,-0.001190712,379
tmp_D.206,0.166225643,0.167379933,-0.00115429,380
tmp_D.582,0,0.001151543,-0.001151543,381
tmp_D.406,0.012704781,0.013714071,-0.00100929,382
tmp_D.322,0,0.000967867,-0.000967867,383
tmp_D.587,0.008176919,0.009041251,-0.000864332,384
tmp_D.122,0.122993654,0.123840182,-0.000846527,385
tmp_D.114,0.000207684,0.001003613,-0.000795929,386
tmp_D.382,0.204112591,0.204907975,-0.000795385,387
tmp_D.149,0.000939629,0.001642576,-0.000702947,388
tmp_D.38,0.056858238,0.05741916,-0.000560922,389
tmp_D.535,0.312414734,0.312962612,-0.000547878,390
tmp_D.177,0,0.000525947,-0.000525947,391
tmp_D.602,0,0.000524797,-0.000524797,392
tmp_D.802,0,0.000502008,-0.000502008,393
tmp_D.349,0.240104849,0.240571121,-0.000466271,394
tmp_D.134,0.326026305,0.326457259,-0.000430954,395
tmp_D.687,0,0.000376932,-0.000376932,396
tmp_D.403,0.062869052,0.063231441,-0.000362389,397
tmp_D.78,0.391845197,0.392142857,-0.00029766,398
tmp_D.721,0.072676728,0.072951208,-0.00027448,399
tmp_D.428,0.076846966,0.077071291,-0.000224325,400
tmp_D.368,0.077430972,0.077559986,-0.000129014,401
tmp_D.238,0.001739563,0.001785714,-4.61517E-05,402
tmp_D.76,-2.22E-16,1.11E-16,-3.33067E-16,403
tmp_D.104,0,1.11E-16,-1.11022E-16,404
tmp_D.138,0,1.11E-16,-1.11022E-16,405
tmp_D.267,0,1.11E-16,-1.11022E-16,406
tmp_D.378,0,1.11E-16,-1.11022E-16,407
tmp_D.516,0,1.11E-16,-1.11022E-16,408
tmp_D.546,0,1.11E-16,-1.11022E-16,409
tmp_D.577,0,1.11E-16,-1.11022E-16,410
tmp_D.618,0,1.11E-16,-1.11022E-16,411
tmp_D.784,0,1.11E-16,-1.11022E-16,412
tmp_D.798,0,1.11E-16,-1.11022E-16,413
tmp_D.846,0,1.11E-16,-1.11022E-16,414
tmp_D.109,0,0,0,415
tmp_D.112,1.11E-16,1.11E-16,0,416
tmp_D.158,1.11E-16,1.11E-16,0,417
tmp_D.194,1.11E-16,1.11E-16,0,418
tmp_D.255,0,0,0,419
tmp_D.283,0,0,0,420
tmp_D.297,0,0,0,421
tmp_D.324,0,0,0,422
tmp_D.33,0,0,0,423
tmp_D.337,NA,NA,0,424
tmp_D.361,0,0,0,425
tmp_D.363,0,0,0,426
tmp_D.365,0,0,0,427
tmp_D.366,0,0,0,428
tmp_D.469,0,0,0,429
tmp_D.530,0,0,0,430
tmp_D.54,NA,NA,0,431
tmp_D.578,0,0,0,432
tmp_D.579,0,0,0,433
tmp_D.615,0,0,0,434
tmp_D.669,0,0,0,435
tmp_D.694,0,0,0,436
tmp_D.759,0,0,0,437
tmp_D.783,0,0,0,438
tmp_D.799,0,0,0,439
tmp_D.811,0,0,0,440
tmp_D.812,0,0,0,441
tmp_D.825,0,0,0,442
tmp_D.854,0,0,0,443
tmp_D.200,1.11E-16,0,1.11022E-16,444
tmp_D.371,1.11E-16,0,1.11022E-16,445
tmp_D.52,1.11E-16,0,1.11022E-16,446
tmp_D.632,1.11E-16,0,1.11022E-16,447
tmp_D.670,1.11E-16,0,1.11022E-16,448
tmp_D.671,1.11E-16,0,1.11022E-16,449
tmp_D.804,1.11E-16,0,1.11022E-16,450
tmp_D.201,0,-2.22E-16,2.22045E-16,451
tmp_D.270,0,-2.22E-16,2.22045E-16,452
tmp_D.484,1.11E-16,-2.22E-16,3.33067E-16,453
tmp_D.8,0.008358663,0.008328491,3.01714E-05,454
tmp_D.141,0.182687056,0.182654402,3.26542E-05,455
tmp_D.536,0.212425765,0.212391637,3.41283E-05,456
tmp_D.527,0.002912186,0.002839117,7.30697E-05,457
tmp_D.656,0.11946533,0.11937686,8.84702E-05,458
tmp_D.753,0.017369201,0.017249005,0.000120197,459
tmp_D.113,0.315412186,0.315274015,0.000138171,460
tmp_D.249,0.004998913,0.004846527,0.000152387,461
tmp_D.46,0.002634434,0.002342764,0.000291669,462
tmp_D.750,0.045603944,0.045271391,0.000332553,463
tmp_D.35,0.022500423,0.022147084,0.000353339,464
tmp_D.241,0.000397062,0,0.000397062,465
tmp_D.310,0.077637444,0.077237434,0.000400011,466
tmp_D.246,0.000417101,0,0.000417101,467
tmp_D.584,0.017426593,0.016992138,0.000434455,468
tmp_D.620,0.045945946,0.045446079,0.000499867,469
tmp_D.294,0.117897296,0.11735897,0.000538326,470
tmp_D.446,0.124651362,0.124009901,0.000641461,471
tmp_D.32,0.031274535,0.030626873,0.000647662,472
tmp_D.515,0.000708215,0,0.000708215,473
tmp_D.321,0.000979432,0.000269397,0.000710035,474
tmp_D.648,0.044296788,0.043503148,0.00079364,475
tmp_D.435,0.01473397,0.013888889,0.000845081,476
tmp_D.588,0.001682793,0.000729927,0.000952866,477
tmp_D.821,0.232506554,0.231527094,0.00097946,478
tmp_D.840,0.00099272,0,0.00099272,479
tmp_D.664,0.001003009,0,0.001003009,480
tmp_D.719,0.086378738,0.085277151,0.001101587,481
tmp_D.240,0.003125,0.002001001,0.001123999,482
tmp_D.338,0.001130199,-2.22E-16,0.001130199,483
tmp_D.372,0.064953271,0.063815029,0.001138242,484
tmp_D.10,0.026021401,0.024849216,0.001172185,485
tmp_D.45,0.00459674,0.003390507,0.001206234,486
tmp_D.852,0.001231527,0,0.001231527,487
tmp_D.20,0.054345528,0.053051059,0.001294469,488
tmp_D.785,0.133706294,0.132289417,0.001416877,489
tmp_D.247,0.002589641,0.001060221,0.001529421,490
tmp_D.417,0.133932912,0.132372215,0.001560697,491
tmp_D.237,0.021162791,0.019595177,0.001567614,492
tmp_D.80,0.005575266,0.003953685,0.001621581,493
tmp_D.37,0.362913205,0.361198189,0.001715016,494
tmp_D.437,0.028050216,0.026299179,0.001751036,495
tmp_D.162,0.165851584,0.164077882,0.001773702,496
tmp_D.51,0.00766032,0.005865103,0.001795217,497
tmp_D.72,0.230936819,0.229055851,0.001880968,498
tmp_D.851,0.001886348,0,0.001886348,499
tmp_D.36,0.169950206,0.168017525,0.001932681,500
tmp_D.373,0.09849051,0.096442468,0.002048042,501
tmp_D.651,0.024610336,0.022539444,0.002070892,502
tmp_D.778,0.106747035,0.104674391,0.002072644,503
tmp_D.323,0.072086234,0.069973428,0.002112806,504
tmp_D.358,0.094559209,0.092379386,0.002179823,505
tmp_D.454,0.060949299,0.058747412,0.002201887,506
tmp_D.777,0.276235509,0.273999398,0.002236111,507
tmp_D.507,0.036501224,0.034243606,0.002257618,508
tmp_D.747,0.002278943,-2.22E-16,0.002278943,509
tmp_D.611,0.306,0.303524614,0.002475386,510
tmp_D.117,0.003771213,0.001269573,0.00250164,511
tmp_D.661,0.006983511,0.004385049,0.002598462,512
tmp_D.534,0.011736527,0.009004739,0.002731788,513
tmp_D.505,0.028551889,0.02576393,0.002787959,514
tmp_D.287,0.015225666,0.012407407,0.002818259,515
tmp_D.742,0.044408775,0.041548631,0.002860144,516
tmp_D.171,0.002920871,1.11E-16,0.002920871,517
tmp_D.770,0.077352695,0.074339839,0.003012856,518
tmp_D.468,0.136812144,0.13368169,0.003130455,519
tmp_D.272,0.125711683,0.12254902,0.003162663,520
tmp_D,0.209554625,0.206370399,0.003184226,521
tmp_D.269,0.003375934,1.11E-16,0.003375934,522
tmp_D.63,0.003436426,0,0.003436426,523
tmp_D.617,0.010523854,0.006912442,0.003611412,524
tmp_D.221,0.085928071,0.082291364,0.003636708,525
tmp_D.685,0.004945598,0.001241311,0.003704288,526
tmp_D.303,0.150938967,0.147161355,0.003777613,527
tmp_D.86,0.362343096,0.358532518,0.003810578,528
tmp_D.173,0.182882364,0.179068842,0.003813522,529
tmp_D.649,0.124852768,0.121029573,0.003823195,530
tmp_D.26,0.197125546,0.193148174,0.003977372,531
tmp_D.106,0.013003663,0.008997751,0.004005912,532
tmp_D.226,0.089129315,0.085001076,0.004128239,533
tmp_D.714,0.013066667,0.008925823,0.004140843,534
tmp_D.718,0.245450192,0.241293532,0.004156659,535
tmp_D.646,0.084983878,0.080729167,0.004254712,536
tmp_D.524,0.048002743,0.043739441,0.004263302,537
tmp_D.475,0.119823418,0.115521327,0.004302091,538
tmp_D.642,0.11459695,0.110279239,0.004317711,539
tmp_D.50,0.027050236,0.022593551,0.004456685,540
tmp_D.202,0.034612057,0.030050505,0.004561551,541
tmp_D.245,0.017928707,0.013280764,0.004647943,542
tmp_D.129,0.004771199,-2.22E-16,0.004771199,543
tmp_D.838,0.009668205,0.004705231,0.004962974,544
tmp_D.665,0.27369463,0.268616301,0.005078329,545
tmp_D.741,0.225231287,0.220137769,0.005093517,546
tmp_D.154,0.021827825,0.016676476,0.005151349,547
tmp_D.418,0.131573108,0.126402393,0.005170715,548
tmp_D.850,0.325683687,0.320427236,0.005256451,549
tmp_D.268,0.068162315,0.062765273,0.005397041,550
tmp_D.509,0.160825325,0.155393513,0.005431812,551
tmp_D.328,0.093131548,0.087675765,0.005455783,552
tmp_D.595,0.005476951,0,0.005476951,553
tmp_D.24,0.179759795,0.174240921,0.005518874,554
tmp_D.794,0.005784907,0,0.005784907,555
tmp_D.195,0.102571269,0.096340553,0.006230716,556
tmp_D.519,0.006303725,0,0.006303725,557
tmp_D.401,0.158580739,0.152237496,0.006343242,558
tmp_D.17,0.281485038,0.275126422,0.006358615,559
tmp_D.828,0.013243167,0.006882169,0.006360998,560
tmp_D.53,0.059101655,0.052677029,0.006424625,561
tmp_D.11,0.118604153,0.112078346,0.006525807,562
tmp_D.623,0.160914582,0.154278225,0.006636356,563
tmp_D.445,0.009744478,0.003081299,0.006663179,564
tmp_D.180,0.007364975,0.000694284,0.006670692,565
tmp_D.224,0.052816901,0.046026044,0.006790857,566
tmp_D.672,0.101423488,0.094603904,0.006819584,567
tmp_D.844,0.151195784,0.144366197,0.006829587,568
tmp_D.716,0.263762066,0.256903353,0.006858713,569
tmp_D.393,0.178806334,0.171657202,0.007149132,570
tmp_D.1,0.095114345,0.087845622,0.007268723,571
tmp_D.207,0.147683398,0.140402844,0.007280554,572
tmp_D.574,0.106003245,0.098551316,0.007451929,573
tmp_D.775,0.007462687,1.11E-16,0.007462687,574
tmp_D.667,0.201593999,0.19412619,0.007467809,575
tmp_D.705,0.178322785,0.170810313,0.007512472,576
tmp_D.703,0.109268778,0.101658337,0.007610441,577
tmp_D.49,0.018708787,0.011065007,0.00764378,578
tmp_D.81,0.090662725,0.082957232,0.007705493,579
tmp_D.230,0.007910823,1.11E-16,0.007910823,580
tmp_D.598,0.159170903,0.151183971,0.007986933,581
tmp_D.88,0.310416667,0.302388708,0.008027959,582
tmp_D.627,0.031,0.022947926,0.008052074,583
tmp_D.68,0.12823801,0.120125504,0.008112505,584
tmp_D.776,0.525115069,0.516712454,0.008402615,585
tmp_D.494,0.196544619,0.187807125,0.008737493,586
tmp_D.181,0.096007315,0.087000506,0.009006809,587
tmp_D.115,0.109843789,0.100769928,0.009073861,588
tmp_D.710,0.394736842,0.385612919,0.009123923,589
tmp_D.25,0.468229777,0.459070536,0.009159242,590
tmp_D.405,0.107794944,0.098549138,0.009245806,591
tmp_D.232,0.309849157,0.300568494,0.009280663,592
tmp_D.801,0.216549296,0.207264028,0.009285268,593
tmp_D.700,0.353018373,0.343627834,0.009390538,594
tmp_D.43,0.066398004,0.056850141,0.009547864,595
tmp_D.290,0.099780969,0.090063144,0.009717825,596
tmp_D.730,0.073764111,0.063991323,0.009772787,597
tmp_D.364,0.009856263,0,0.009856263,598
tmp_D.555,0.067137005,0.05674264,0.010394365,599
tmp_D.449,0.087840642,0.077133655,0.010706986,600
tmp_D.409,0.11649765,0.105691057,0.010806593,601
tmp_D.70,0.076402851,0.065579914,0.010822938,602
tmp_D.521,0.030050761,0.019003476,0.011047285,603
tmp_D.739,0.374972315,0.363429611,0.011542703,604
tmp_D.682,0.019327916,0.007254591,0.012073325,605
tmp_D.608,0.223336517,0.211120765,0.012215752,606
tmp_D.596,0.268556774,0.256264412,0.012292362,607
tmp_D.379,0.146476278,0.134110787,0.012365491,608
tmp_D.752,0.020008795,0.007588739,0.012420056,609
tmp_D.281,0.104274388,0.091749908,0.012524481,610
tmp_D.748,0.128973843,0.116443745,0.012530098,611
tmp_D.69,0.148633127,0.135706085,0.012927042,612
tmp_D.305,0.317169374,0.304159224,0.013010149,613
tmp_D.607,0.013011916,-2.22E-16,0.013011916,614
tmp_D.292,0.238483579,0.225160994,0.013322586,615
tmp_D.708,0.243133724,0.229736706,0.013397017,616
tmp_D.125,0.115320467,0.101840855,0.013479612,617
tmp_D.168,0.136527278,0.123040218,0.01348706,618
tmp_D.193,0.311886396,0.298379587,0.013506809,619
tmp_D.720,0.028650845,0.01498046,0.013670384,620
tmp_D.558,0.043960645,0.030213707,0.013746938,621
tmp_D.734,0.303945307,0.289686389,0.014258918,622
tmp_D.474,0.514679313,0.500414422,0.014264892,623
tmp_D.27,0.274943311,0.260494959,0.014448352,624
tmp_D.90,0.051741803,0.037014746,0.014727058,625
tmp_D.817,0.290053286,0.275266225,0.014787061,626
tmp_D.48,0.138112913,0.123290348,0.014822565,627
tmp_D.146,0.300374688,0.285379484,0.014995203,628
tmp_D.84,0.202341507,0.187089202,0.015252305,629
tmp_D.44,0.183292534,0.167732876,0.015559658,630
tmp_D.271,0.304338251,0.288749017,0.015589235,631
tmp_D.631,0.476056338,0.459958458,0.01609788,632
tmp_D.683,0.179313361,0.162924152,0.016389209,633
tmp_D.492,0.079856973,0.063367886,0.016489087,634
tmp_D.537,0.415160643,0.398453608,0.016707034,635
tmp_D.735,0.20104115,0.184228113,0.016813037,636
tmp_D.600,0.044991511,0.028043478,0.016948033,637
tmp_D.131,0.017430168,0.000210261,0.017219907,638
tmp_D.383,0.080679914,0.063313313,0.017366601,639
tmp_D.89,0.36458879,0.34692029,0.0176685,640
tmp_D.234,0.151254954,0.133492823,0.017762131,641
tmp_D.816,0.212054966,0.19409893,0.017956036,642
tmp_D.311,0.248218527,0.230199547,0.01801898,643
tmp_D.41,0.026385764,0.008189836,0.018195928,644
tmp_D.603,0.166117744,0.147795894,0.01832185,645
tmp_D.198,0.068110647,0.049752781,0.018357866,646
tmp_D.843,0.200101747,0.181324647,0.0187771,647
tmp_D.430,0.053712818,0.034654451,0.019058367,648
tmp_D.657,0.266441821,0.247313786,0.019128035,649
tmp_D.291,0.320276498,0.301079011,0.019197486,650
tmp_D.95,0.024970554,0.005734767,0.019235787,651
tmp_D.645,0.360036004,0.340697915,0.019338089,652
tmp_D.835,0.397548161,0.378108108,0.019440053,653
tmp_D.726,0.231058824,0.211611746,0.019447077,654
tmp_D.330,0.367677924,0.348140276,0.019537648,655
tmp_D.251,0.019686801,0,0.019686801,656
tmp_D.654,0.019808307,0,0.019808307,657
tmp_D.655,0.071027082,0.051142968,0.019884114,658
tmp_D.641,0.480717831,0.460789011,0.01992882,659
tmp_D.319,0.040504648,0.020543548,0.0199611,660
tmp_D.717,0.224799591,0.204781319,0.020018271,661
tmp_D.544,0.368619184,0.348534202,0.020084982,662
tmp_D.554,0.020448225,0,0.020448225,663
tmp_D.503,0.158087717,0.13758708,0.020500636,664
tmp_D.441,0.377803468,0.357188094,0.020615374,665
tmp_D.450,0.170866796,0.150039277,0.020827519,666
tmp_D.236,0.490997096,0.470049173,0.020947923,667
tmp_D.439,0.18412118,0.162731006,0.021390174,668
tmp_D.583,0.033195021,0.011643529,0.021551492,669
tmp_D.19,0.182383916,0.160733549,0.021650367,670
tmp_D.279,0.088498508,0.066627703,0.021870805,671
tmp_D.832,0.259548805,0.237509184,0.022039621,672
tmp_D.791,0.347474036,0.325287165,0.022186871,673
tmp_D.208,0.148278061,0.125859554,0.022418507,674
tmp_D.299,0.216882509,0.194274809,0.0226077,675
tmp_D.457,0.145633341,0.122720247,0.022913094,676
tmp_D.523,0.228786926,0.205677133,0.023109794,677
tmp_D.295,0.273508137,0.250051409,0.023456729,678
tmp_D.592,0.096924511,0.073205402,0.023719109,679
tmp_D.847,0.130187025,0.105848643,0.024338382,680
tmp_D.243,0.091414141,0.066975225,0.024438917,681
tmp_D.472,0.083797638,0.059293044,0.024504593,682
tmp_D.433,0.223065622,0.197654584,0.025411038,683
tmp_D.473,0.055331054,0.029621191,0.025709863,684
tmp_D.833,0.0570771,0.031209363,0.025867737,685
tmp_D.616,0.110516934,0.084573588,0.025943346,686
tmp_D.126,0.025948385,0,0.025948385,687
tmp_D.413,0.329010015,0.302994328,0.026015687,688
tmp_D.855,0.239901579,0.213615334,0.026286245,689
tmp_D.634,0.163553895,0.136947218,0.026606677,690
tmp_D.434,0.158536585,0.131500987,0.027035598,691
tmp_D.57,0.16916344,0.141970364,0.027193076,692
tmp_D.145,0.154862688,0.127528584,0.027334104,693
tmp_D.391,0.18036036,0.152895361,0.027465,694
tmp_D.698,0.027471339,1.11E-16,0.027471339,695
tmp_D.662,0.080287597,0.052381979,0.027905618,696
tmp_D.346,0.068517575,0.040526498,0.027991077,697
tmp_D.581,0.099270073,0.071257875,0.028012198,698
tmp_D.12,0.424315233,0.396114489,0.028200744,699
tmp_D.815,0.302122905,0.273370319,0.028752586,700
tmp_D.355,0.267190193,0.23785828,0.029331913,701
tmp_D.197,0.030614385,0.001201057,0.029413328,702
tmp_D.548,0.462022971,0.432507987,0.029514984,703
tmp_D.678,0.02970297,0,0.02970297,704
tmp_D.731,0.253418803,0.223378554,0.030040249,705
tmp_D.148,0.40078329,0.37054977,0.03023352,706
tmp_D.436,0.347113594,0.316773602,0.030339992,707
tmp_D.316,0.290564154,0.260104302,0.030459851,708
tmp_D.341,0.221763085,0.190854871,0.030908215,709
tmp_D.476,0.031100478,0,0.031100478,710
tmp_D.508,0.598479613,0.567282778,0.031196835,711
tmp_D.369,0.233988044,0.202303816,0.031684229,712
tmp_D.754,0.325503356,0.293513166,0.031990189,713
tmp_D.411,0.144466403,0.111986864,0.032479539,714
tmp_D.666,0.160328317,0.127252252,0.033076065,715
tmp_D.819,0.266405667,0.233251834,0.033153834,716
tmp_D.723,0.196842373,0.163528501,0.033313872,717
tmp_D.751,0.083064716,0.049737497,0.03332722,718
tmp_D.87,0.248434761,0.215106732,0.033328028,719
tmp_D.688,0.233553436,0.200082764,0.033470672,720
tmp_D.389,0.205357143,0.171641791,0.033715352,721
tmp_D.749,0.082705148,0.048780488,0.03392466,722
tmp_D.766,0.198824298,0.164775377,0.034048921,723
tmp_D.143,0.359127499,0.324990866,0.034136633,724
tmp_D.395,0.341112323,0.306160432,0.034951891,725
tmp_D.329,0.045647558,0.010344828,0.035302731,726
tmp_D.61,0.252180508,0.215652474,0.036528034,727
tmp_D.332,0.401187285,0.36459854,0.036588744,728
tmp_D.218,0.075107783,0.037854157,0.037253626,729
tmp_D.142,0.115328229,0.077478345,0.037849885,730
tmp_D.569,0.24536664,0.207277251,0.038089389,731
tmp_D.638,0.038294405,0,0.038294405,732
tmp_D.362,0.512052877,0.47366455,0.038388327,733
tmp_D.629,0.061555474,0.022586717,0.038968757,734
tmp_D.347,0.205242219,0.165939817,0.039302402,735
tmp_D.427,0.450613299,0.41124498,0.039368319,736
tmp_D.659,0.071884984,0.032179721,0.039705263,737
tmp_D.590,0.191035219,0.150582666,0.040452553,738
tmp_D.790,0.183823529,0.143369176,0.040454354,739
tmp_D.360,0.16463189,0.123820418,0.040811473,740
tmp_D.725,0.205836521,0.164274924,0.041561596,741
tmp_D.773,0.333740533,0.291473893,0.04226664,742
tmp_D.111,0.146227298,0.103122731,0.043104568,743
tmp_D.740,0.65212967,0.608528162,0.043601508,744
tmp_D.285,0.133006936,0.088522305,0.044484631,745
tmp_D.431,0.360849822,0.316201447,0.044648374,746
tmp_D.459,0.390139688,0.344873725,0.045265963,747
tmp_D.210,0.334676464,0.289049338,0.045627125,748
tmp_D.547,0.447427798,0.401201923,0.046225875,749
tmp_D.635,0.057974501,0.011391375,0.046583126,750
tmp_D.809,0.051932367,0.00533386,0.046598507,751
tmp_D.478,0.718978102,0.67227057,0.046707533,752
tmp_D.263,0.349108519,0.302283105,0.046825414,753
tmp_D.845,0.334382376,0.287283713,0.047098663,754
tmp_D.327,0.049784398,0.002658564,0.047125834,755
tmp_D.470,0.149902661,0.102166182,0.047736479,756
tmp_D.105,0.069482005,0.02173913,0.047742875,757
tmp_D.376,0.165825688,0.117720726,0.048104962,758
tmp_D.823,0.07723351,0.028266799,0.048966711,759
tmp_D.460,0.149250581,0.100171024,0.049079557,760
tmp_D.304,0.099387237,0.049913941,0.049473295,761
tmp_D.110,0.14190774,0.092095722,0.049812019,762
tmp_D.352,0.458566884,0.408753709,0.049813175,763
tmp_D.128,0.141411451,0.089921955,0.051489497,764
tmp_D.837,0.052532243,0.000861574,0.051670669,765
tmp_D.254,0.193692575,0.140399386,0.05329319,766
tmp_D.758,0.086126432,0.032796781,0.053329651,767
tmp_D.169,0.129282321,0.074810871,0.054471449,768
tmp_D.695,0.100994931,0.046467965,0.054526966,769
tmp_D.280,0.061254153,0.005609383,0.05564477,770
tmp_D.674,0.13549066,0.0795053,0.05598536,771
tmp_D.650,0.221752408,0.165755054,0.055997354,772
tmp_D.353,0.058008104,0,0.058008104,773
tmp_D.853,0.294190021,0.2348567,0.05933332,774
tmp_D.697,0.129254542,0.06975,0.059504542,775
tmp_D.787,0.193443511,0.133908046,0.059535465,776
tmp_D.123,0.060606061,0,0.060606061,777
tmp_D.713,0.060708783,0,0.060708783,778
tmp_D.282,0.262304922,0.200913242,0.06139168,779
tmp_D.40,0.182014269,0.118993535,0.063020734,780
tmp_D.259,0.28525641,0.222026653,0.063229757,781
tmp_D.495,0.554959786,0.490483163,0.064476623,782
tmp_D.136,0.458418891,0.393818849,0.064600042,783
tmp_D.707,0.301725431,0.236045412,0.06568002,784
tmp_D.216,0.120402389,0.052994824,0.067407565,785
tmp_D.561,0.068800589,0.000946522,0.067854067,786
tmp_D.390,0.36708459,0.296250442,0.070834148,787
tmp_D.848,0.159827657,0.087809227,0.07201843,788
tmp_D.487,0.137014739,0.062614679,0.074400061,789
tmp_D.175,0.241951543,0.167398844,0.074552699,790
tmp_D.772,0.156532585,0.081336053,0.075196532,791
tmp_D.693,0.16505615,0.089630016,0.075426135,792
tmp_D.456,0.143659942,0.067299919,0.076360023,793
tmp_D.715,0.311123659,0.234000607,0.077123052,794
tmp_D.517,0.207450225,0.128795999,0.078654226,795
tmp_D.765,0.081095176,0.000992392,0.080102784,796
tmp_D.397,0.428502532,0.345096484,0.083406048,797
tmp_D.59,0.150539635,0.065844906,0.08469473,798
tmp_D.744,0.461049766,0.372545551,0.088504215,799
tmp_D.108,0.462936565,0.37357338,0.089363184,800
tmp_D.133,0.621552403,0.531503539,0.090048865,801
tmp_D.727,0.254103223,0.163768797,0.090334426,802
tmp_D.151,0.138079606,0.047058824,0.091020783,803
tmp_D.56,0.091326531,0,0.091326531,804
tmp_D.179,0.28625,0.193607545,0.092642455,805
tmp_D.381,0.417278107,0.324507807,0.092770299,806
tmp_D.386,0.094886519,0.001440403,0.093446116,807
tmp_D.673,0.253468399,0.159299978,0.094168421,808
tmp_D.488,0.094202899,0,0.094202899,809
tmp_D.711,0.228708404,0.133300541,0.095407863,810
tmp_D.205,0.096371208,0,0.096371208,811
tmp_D.806,0.26788522,0.170359712,0.097525508,812
tmp_D.538,0.556712963,0.455665931,0.101047032,813
tmp_D.412,0.53626068,0.433522084,0.102738596,814
tmp_D.424,0.103496073,0.000410846,0.103085226,815
tmp_D.94,0.123889179,0.020574972,0.103314207,816
tmp_D.757,0.104116223,0,0.104116223,817
tmp_D.805,0.230111428,0.12231799,0.107793438,818
tmp_D.301,0.497220208,0.388358779,0.108861429,819
tmp_D.420,0.575213371,0.465465465,0.109747906,820
tmp_D.486,0.272790055,0.161860661,0.110929394,821
tmp_D.92,0.134937042,0.021094265,0.113842777,822
tmp_D.768,0.25665779,0.142096413,0.114561377,823
tmp_D.119,0.115263572,0,0.115263572,824
tmp_D.549,0.223240938,0.100055432,0.123185506,825
tmp_D.594,0.126653654,1.11E-16,0.126653654,826
tmp_D.302,0.433210219,0.304536889,0.128673329,827
tmp_D.782,0.413942308,0.284253579,0.129688729,828
tmp_D.572,0.130772374,0,0.130772374,829
tmp_D.559,0.205905826,0.074187147,0.131718679,830
tmp_D.374,0.136750319,0,0.136750319,831
tmp_D.137,0.160163178,0.018842002,0.141321176,832
tmp_D.190,0.242120009,0.100202429,0.14191758,833
tmp_D.455,0.399522569,0.255394191,0.144128379,834
tmp_D.135,0.517688164,0.368008605,0.149679559,835
tmp_D.800,0.206085754,0.054389722,0.151696032,836
tmp_D.767,0.165402672,0.013299557,0.152103116,837
tmp_D.214,0.153489911,0,0.153489911,838
tmp_D.335,0.385969084,0.227089539,0.158879545,839
tmp_D.724,0.167037243,0,0.167037243,840
tmp_D.479,0.533667921,0.360340633,0.173327289,841
tmp_D.423,0.174666667,0,0.174666667,842
tmp_D.814,0.37910268,0.202807848,0.176294831,843
tmp_D.514,0.270795823,0.093465163,0.17733066,844
tmp_D.326,0.184086905,0,0.184086905,845
tmp_D.841,0.383955449,0.19700428,0.186951169,846
tmp_D.380,0.218801026,0.029878049,0.188922978,847
tmp_D.73,0.266192437,0.071933962,0.194258475,848
tmp_D.357,0.201369437,0,0.201369437,849
tmp_D.367,0.329847909,0.114256198,0.21559171,850
tmp_D.567,0.578036112,0.357637287,0.220398825,851
tmp_D.480,0.245580405,0.022727273,0.222853132,852
tmp_D.159,0.248586683,0.023768737,0.224817947,853
tmp_D.387,0.335766423,0.097001034,0.238765389,854
tmp_D.265,0.635933806,0.365110246,0.27082356,855
tmp_D.709,0.340880948,0.033454019,0.307426929,856
tmp_D.482,0.683908046,0.344390244,0.339517802,857
